Communes,Site,Adresse,Localisation box,Techno,Opérateur,N° Marché,N° Contrat,N° Mandat,Hotline,Ligne support,Référence opérateur,IP Fixe,vlan,Débit,GTR Hebdo,GTR (h),Dégroupage (Partiel/Total),Coût (TTC/mois)
Blanquefort,ALSH Chaumiere,Avenue du 8 mai,Bureau responsable,VDSL,Free,Pas de marché,,24731511,3244,05 56 35 11 43,16468363,82.229.64.156,,"27,9",Lun-Sam,10,Partiel,"29,99  "
Blanquefort,ALSH Charmille,Rue du Maréchal de Lattre de Tassigny,Bureau responsable,ADSL2,Free,Pas de marché,,24731524,3244,05 56 35 34 44,16468351,88.168.253.128,,"4,8",Lun-Sam,10,Partiel,"29,99  "
Blanquefort,ALSH Fongravey,Rue de Fongravey,Bureau responsable,ADSL2,Free,Pas de marché,,24731568,3244,05 56 28 65 35,16468399,88.168.253.137,,"1,6",Lun-Sam,10,Partiel,"31,98  "
Blanquefort,Complexe Sportif de Fongravey,Rue Jean Moulin,Bureau responsable,ADSL2,Free,Pas de marché,,24731498,3244,05 56 28 71 15,16468340,88.168.252.78,,"5,6",Lun-Sam,10,Partiel,"29,99  "
Blanquefort,Ele. Bourg,Rue Amédée Tastet,Bureau Direction,ADSL2,Free,Pas de marché,,24841464,3244,05 56 35 05 26,16556226,88.180.249.160,,"6,7",Lun-Sam,10,Partiel,"31,98  "
Blanquefort,Ele. Caychac 2 (Bat. Principal),1 rue des Gravières,Placard electrique RDC,VDSL,Free,Pas de marché,,24841608,3244,05 56 35 02 14,16556356,88.180.249.164,,"82,5",Lun-Sam,10,Partiel,"31,98  "
Blanquefort,Ele. Caychac 1 (Bat. Petite cours),1 rue des Gravières,Bureau Intervenant,VDSL,Free,Pas de marché,,24841505,3244,05 56 57 12 75,16556264,88.180.249.163,,"78,5",Lun-Sam,10,Partiel,"31,98  "
Blanquefort,Ele. La Renney,11 rue de la Renney,Bureau Direction,ADSL2,Free,Pas de marché,,24841482,3244,05 56 57 07 20,16556242,88.180.249.88,,"4,7",Lun-Sam,10,Partiel,"31,98  "
Blanquefort,Mairie,12 rue Dupaty,Local Serveur,ADSL2,Free,Pas de marché,,24619112,3244,05 56 57 50 41,16390408,88.168.252.245,,"8,5",Lun-Sam,10,Partiel,"31,98  "
Blanquefort,Mat. Caychac,Rue de la Rivière,Bureau Direction,VDSL,Free,Pas de marché,,25152498,3244,05 56 95 05 95,16805798,88.168.255.15,,"76,3",Lun-Sam,10,Partiel,"29,99  "
Blanquefort,Mat. Curegan,27 rue de Lattre de Tassigny,Salle des Maitres,ADSL2,Free,Pas de marché,,25152502,3244,05 56 35 12 63,16805802,88.168.255.103,,"4,9",Lun-Sam,10,Partiel,"29,99  "
Blanquefort,Mat. Dulamon,Avenue du 8 Mai,Hall d'entrée (Sur une étagere),VDSL,Free,Pas de marché,,25152510,3244,05 56 35 18 44,16805808,78.240.178.94,,"26,2",Lun-Sam,10,Partiel,"29,99  "
Blanquefort,Mat. La Renney,13 rue de la Renney,Bureau Direction,ADSL2,Free,Pas de marché,,25152494,3244,05 56 35 32 24,16805794,88.168.253.74,,"4,8",Lun-Sam,10,Partiel,"29,99  "
Blanquefort,Mat. Saturne,Rue de Lestaing,Armoire de brassage,ADSL2,Free,Pas de marché,,24615272,3244,05 56 35 32 59,16387399,82.229.64.117,,"15,1",Lun-Sam,10,Partiel,"29,99  "
Blanquefort,Mediatheque,4 rue du Docteur Castéra,Armoire de brassage,ADSL2,Free,Pas de marché,,24662347,3244,05 56 95 07 88,16425048,88.180.248.216,,"7,6",Lun-Sam,10,Partiel,"31,98  "
Blanquefort,Piscine Municipal,Rue de la Renney  ,Bureau du responsable,ADSL2,Free,Pas de marché,,24731474,3244,05 56 28 59 11,16468317,88.168.252.74,,"4,3",Lun-Sam,10,Partiel,"31,98  "
Blanquefort,Relais d'Assistance Maternelle,27 Rue de Lattre de Tassigny,Bureau du responsable,ADSL2,Free,Pas de marché,,24730763,3244,05 56 95 13 55,16467685,88.168.252.53,,"4,6",Lun-Sam,10,Partiel,"29,99  "
Blanquefort,Restauration Ele. Saturne,Rue de Lestaing,Poste informatique des agents,ADSL2,Free,Pas de marché,,27933244,3244,05 56 35 13 25,19026869,78.240.178.110,,"14,8",Lun-Sam,10,Partiel,"29,99  "
Blanquefort,Salle Polyvalente de Fongravey,Rue Jean Moulin,Boitier à coté du telephone,ADSL2,Free,Pas de marché,,24841559,3244,05 56 95 20 08,16556315,78.240.178.90,,"4,2",Lun-Sam,10,Partiel,"31,98  "
Ambarès,Hôtel de ville,18 place de la Victoire,Salle serveur,FO,ADISTA,2015021,15S0011,,383988930,,Mairie FO - Internet - Principal,-,,20,Lun-Sam,4,,"654,50  "
Ambarès,Hôtel de ville,18 place de la Victoire,Salle serveur,SDSL,ADISTA,2015021,15S0011,,383988930,,Mairie - Internet - Secours,-,,4,Lun-Sam,4,,"170,00  "
Ambarès,Bibliothèque,9 rue Edmon Faulat,Placard à gauche de l'entrée,SDSL,ADISTA,2015021,15S0011,,383988930,,Bibliotheque,-,,4,Lun-Sam,4,,"233,75  "
Ambarès,Bibliothèque,9 rue Edmon Faulat,Placard à gauche de l'entrée,ADSL,ADISTA,2015021,15S0011,,383988930,,Bibliothèque - Internet,-,,8,Lun-Sam,4,,"38,25  "
Ambarès,MPE,7 rue Louis Massina,Placard à gauche de l'entrée,SDSL,ADISTA,2015021,15S0011,,383988930,,Maison de la petite enfance,-,,4,Lun-Sam,4,,"170,00  "
Ambarès,CSC,1 rue Louis Massina,Baie de brassage,SDSL,ADISTA,2015021,15S0011,,383988930,,Ambares-CSC-Mitterrand,-,,4,Lun-Sam,4,,"170,00  "
Ambarès,CCAS,4 rue Louis Massina,Baie de brassage,SDSL,ADISTA,2015021,15S0011,,383988930,,CCAS,-,,4,Lun-Sam,4,,"170,00  "
Ambarès,École Primaire François Aubouin,Avenue Léon Blum,Salle informatique,ADSL,ADISTA,2015021,15S0011,,383988930,,Ecole Primaire F. Aubouin,-,,8,Lun-Sam,8,,"38,25  "
Ambarès,École Maternelle et Primaire Belair,18 avenue de l'Europe,Arrivée dans la maternelle au bout du couloir à gauche dans un placard,ADSL,ADISTA,2015021,15S0011,,383988930,,Ecole Maternelle  Primaire Bel Air,-,,8,Lun-Sam,8,,"38,25  "
Ambarès,École Maternelle du Bourg,13 rue du Président Coty,Bureau de la directrice,ADSL,ADISTA,2015021,15S0011,,383988930,,Ecole Maternelle bourg,-,,8,Lun-Sam,8,,"38,25  "
Ambarès,École Maternelle Maternelle Charles Perrault,13 rue Lamartine,Bureau de la directrice,ADSL,ADISTA,2015021,15S0011,,383988930,,Ecole Maternelle Ch Perrault,-,,8,Lun-Sam,8,,"38,25  "
Ambarès,École Primaire Lagorp,1 avenue Jules Ferry,Salle informatique,ADSL,ADISTA,2015021,15S0011,,383988930,,Ecole Primaire Lagorp,-,,8,Lun-Sam,8,,"38,25  "
Ambarès,École Maternelle Lagrave,8 rue de la vierge,Bureau de la directrice,ADSL,ADISTA,2015021,15S0011,,383988930,,Ecole Maternelle Lagrave,-,,8,Lun-Sam,8,,"38,25  "
Ambarès,École Maternelle Souris Verte,38 avenue du chemin de la vie,Bureau de la directrice,ADSL,ADISTA,2015021,15S0011,,383988930,,Ecole Maternelle Souris Verte,-,,8,Lun-Sam,8,,"38,25  "
Ambarès,CLSH M,Place de la Victoire,Bureau de la directrice de Tom Pouce,ADSL,ADISTA,2015021,15S0011,,383988930,,Centre de loisir Maternelle,-,,8,Lun-Sam,8,,"38,25  "
Ambarès,CLSH P,Place de la Victoire,Bureau de la directrice,ADSL,ADISTA,2015021,15S0011,,383988930,,Centre de loisir primaire,-,,8,Lun-Sam,8,,"38,25  "
Ambarès,École primaire Aimé Césaire,38 rue Emile Rarrieu,Local technique,ADSL,ADISTA,2015021,15S0011,,383988930,,Ambares-Cesaire,-,,8,Lun-Sam,8,,"38,25  "
Ambarès,École de musique,Place de la République,Baie de brassage,ADSL,ADISTA,2015021,15S0011,,383988930,,Pole Evasion,-,,18,Lun-Sam,8,,"44,20  "
Carbon Blanc,Centre de loisir,Rue des futaies,,ADSL,Orange,Pas de marché,204001728,,,05 56 06 00 31,556060031,-,,8,Pas de GTR,Pas de GTR,,"41,86  "
Carbon Blanc,Centre technique,31 avenue victor hugo,,ADSL,Orange,Pas de marché,203483274,,,05 56 06 59 91,556065991,-,,8,Pas de GTR,Pas de GTR,,"41,86  "
Carbon Blanc,Logement Chateau Brignon,1 rue de la vigne,,ADSL,Orange,Pas de marché,209994465,,,05 56 81 24 02,556812402,-,,8,Pas de GTR,Pas de GTR,,"24,00  "
Carbon Blanc,Chateau Brignon,1 rue de la vigne,,ADSL,Orange,Pas de marché,2010-296,,,05 56 81 24 02,556812402,-,,2,Pas de GTR,Pas de GTR,,"84,44  "
Carbon Blanc,Ecole Barbou,7 avenue Aristide Briand,,ADSL,Orange,Pas de marché,205588011,,,05 56 06 13 50,556061350,-,,8,Pas de GTR,Pas de GTR,,"43,73  "
Carbon Blanc,Ecole élémentaire Pasteur,Rue Jean Rostand,,ADSL,Orange,Pas de marché,205588524,,,05 56 74 94 19,556749419,-,,4,Pas de GTR,Pas de GTR,,"43,73  "
Carbon Blanc,Ecole maternelle Pasteur,Rue Jean Rostand,,ADSL,Orange,Pas de marché,200997459,,,,,-,,"0,5",Pas de GTR,Pas de GTR,,"21,86  "
Carbon Blanc,Ecole maternelle Prévert,mairie de carbon blanc,,ADSL,Orange,Pas de marché,200994996,,,05 56 06 64 55,556066455,-,,8,Pas de GTR,Pas de GTR,,"47,84  "
Carbon Blanc,Mairie,avenue Andre Vignau Anglade,,ADSL,Orange,Pas de marché,205588520,,,05 56 38 03 00,556380300,-,,8,Pas de GTR,Pas de GTR,,"41,86  "
Carbon Blanc,Maison de la petite enfance,Avenue Vignau Anglade,,ADSL,Orange,Pas de marché,121373043,,,05 57 83 19 89,557831989,-,,20,Pas de GTR,Pas de GTR,,"52,62  "
Carbon Blanc,Maison pour tous,Avenue Vignau Anglade,,ADSL,Orange,Pas de marché,205588523,,,05 56 06 89 53,556068953,-,,8,Pas de GTR,Pas de GTR,,"43,73  "
Carbon Blanc,Médiathèque,Avenue Vignau Anglade,,ADSL,Orange,Pas de marché,205022601,,,05 56 38 39 10,556383910,-,,6,Pas de GTR,Pas de GTR,,"57,68  "
Carbon Blanc,RPA / Local syndical,26 rue Pasteur,,ADSL,Orange,Pas de marché,121097761,,,05 56 31 61 73,556316173,-,,20,Pas de GTR,Pas de GTR,,"52,82  "
Bègles,Ecole maternelle Prévert,Rue Alexis Labro,,,Orange,,200833469,,,05 56 85 94 46,,-,,,,,,
Bègles,Ecole maternelle Buisson,115 Rue Ferdinand Buisson,,,Orange,,200833742,,,05 56 85 93 03,,-,,,,,,
Bègles,Ecole maternelle Boileau,3 place de la Liberté,,,Orange,,200833646,,,05 56 85 97 21,,-,,,,,,
Bègles,Ecole maternelle Vaillant-Couturier,Rue Paul Vaillant Couturier,,,Orange,,200833565,,,05 56 85 93 95,,-,,,,,,
Bègles,Ecole maternelle La Ferrade,17 rue Jean Felloneau,,,Orange,,200833407,,,05 56 85 93 59,,-,,,,,,
Bègles,Ecole élémentaire Salengro,71 avenue Roger Salengro,,,Orange,,200833699,,,05 56 89 26 53,,-,,,,,,
Bègles,Ecole élémentaire Sembat,21 rue Noutary,,,Orange,,200833717,,,05 56 89 06 14,,-,,,,,,
Bègles,Ecole élémentaire Joliot-Curie,16 rue I. et F. joliot Curie,,,Orange,,200833503,,,05 56 75 84 96,,-,,,,,,
Bègles,Ecole élémentaire Langevin,129 bis rue de Lauriol,,,Orange,,200754930,,,05 56 89 23 60,,-,,,,,,
Bègles,Ecole élémentaire Gambetta,Rue du Xi Novembre,,,Orange,,200761407,,,05 56 89 12 79,,-,,,,,,
Bègles,Maison des Lacs,,,,Orange,,201989064,,,05 56 85 29 88,,-,,,,,,
Bègles,Bureau information jeunesse (BIJ),21 Rue Calixte Camelle,,,Orange,,201333133,,,05 56 49 06 34,,-,,,,,,
Bègles,Centre médico-scolaire (CMS),13 Avenue Jeanne d'Arc,,,Orange,,200833675,,,05 56 49 43 95,,-,,,,,,
Bègles,Point accueil jeunesse Terres-Neuves,,,,Orange,,200060882,,,05 56 49 53 21,,-,,,,,,
Bègles,Chapelle de Mussonville,,,,Orange,,208164399,,,05 56 49 91 99,,-,,,,,,
Bègles,Capitainerie port Garonne,,,,Orange,,207389916,,,05 56 49 32 59,,-,,,,,,
Floirac,MAT. PASTEUR,Impasse de la maternelle,,,Numéricâble,,13126700,,,,,-,,30,,,,
Floirac,LOUIS PASTEUR ,16 avenue Paul LAFFARGUE,,,Numéricâble,,13678706,,,,,-,,30,,,,
Floirac,"PRIMAIRE, JEAN JAURES",78 rue de la paix,,,Numéricâble,,13400895,,,,,-,,30,,,,
Floirac,MAT. MARIE CURIE,92 avenue PASTEUR,,,Numéricâble,,13113959,,,,,-,,30,,,,
Floirac,"PRIMAIRE, P & M CURIE",93 avenue PASTEUR,,,Numéricâble,,13046413,,,,,-,,30,,,,
Floirac,"PRIMAIRE, LEON BLUM",41 rue Leon BLUM,,,Numéricâble,,13097282,,,,,-,,30,,,,
Floirac,MAT. F.MAURIAC,2 rue Francois MAURIAC,,,Numéricâble,,13052904,,,,,-,,30,,,,
Floirac,"PRIMAIRE, ALBERT CAMUS",Rue VOLTAIRE,,,Numéricâble,,13120382,,,,,-,,30,,,,
Floirac,"PRIMAIRE, LOUIS ARAGON ",Rue Erik SATIE,,,Numéricâble,,13225315,,,,,-,,30,,,,
Floirac,MAIRIE DE FLOIRAC,6 avenue PASTEUR,,,Numéricâble,,13040668,,,,,-,,30,,,,
Floirac,"SAGA,CITE",41 rue Pierre CURIE,,,Numéricâble,,19099187,,,,,-,,100,,,,
Floirac,MAISON DES SAVOIRS PARTAGES ,10 rue Pierre CURIE,,,Numéricâble,,22409176,,,,,-,,100,,,,
Floirac,"ECOLE DE MUSIQUE, MAIRIE DE FLOIRAC",Rue VOLTAIRE,,,Numéricâble,,24297665,,,,,-,,30,,,,
Floirac,MAIRIE DE FLOIRAC-SYNDICAT,115 cours GAMBETTA,,,Numéricâble,,84740569,,,,,-,,30,,,,
Floirac,JUNIOR DES SALLES ,3 rue VOLTAIRE,,,Numéricâble,,19099460,,,,,-,,30,,,,
Bordeaux,ADSL doi Utilisé Routeur DIIT,Place Pey Berland,,,Orange Pro,,113522263,,39 01,05 56 81 11 24,113522263,80.15.197.140,,8 mégamax,,,,
Bordeaux,ELEMENTAIRE DAVID JOHNSTON,44 rue David Johnston,,,Orange Pro,,115582283,,39 01,05 56 79 21 48,115582283,80.11.108.204,,1 mégamax,,,,
Bordeaux,ELEMENTAIRE DEYRIES SABLIERES,30 rue Deyries,,,Orange Pro,,115596487,,39 01,05 57 95 99 82,115596487,217.128.94.105,,1 mégamax,,,,
Bordeaux,ECOLE ELEMENTAIR DUPATY,74 rue joséphine,,,Orange Pro,,115985678,,39 01,05 56 43 22 84,115985678,80.11.197.56,,1 mégamax,,,,
Bordeaux,MATERNELLE JOSEPHINE,46 rue joséphine,,,Orange Pro,,115985680,,39 01,05 56 43 28 25,115985680,80.11.101.221,,1 mégamax,,,,
Bordeaux,ECOLE ELEMENTAIRE BALGUERIE,31 cours balguerie,,,Orange Pro,,115985681,,39 01,05 56 51 17 94,115985681,80.11.108.226,,1 mégamax,,,,
Bordeaux,MATERNELLE PAUL BERTHELOT,25 rue paul berthelot,,,Orange Pro,,115985683,,39 01,05 56 51 07 45,115985683,,,1 mégamax,,,,
Bordeaux,MATERNELLE LUCIEN FAURE,5 rue lucien faure,,,Orange Pro,,115985685,,39 01,05 56 39 60 53,115985685,80.11.101.125,,1 mégamax,,,,
Bordeaux,MATERNELLE LE POINT DU JOUR,2 rue barillet deschamps,,,Orange Pro,,115985687,,39 01,05 56 69 08 17,115985687,80.11.102.77,,1 mégamax,,,,
Bordeaux,MATERNELLE LAGRANGE,145 rue lagrange,,,Orange Pro,,115985688,,39 01,05 56 51 09 93,115985688,,,1 mégamax,,,,
Bordeaux,ELEMENTAIRE ALBERT BARRAUD,21 rue docteur barraud,,,Orange Pro,,115985690,,39 01,05 56 81 56 11,115985690,217.128.249.131,,1 mégamax,,,,
Bordeaux,MATERNELLE ARGONNE,123 cours de l'argonne,,,Orange Pro,,115985703,,39 01,05 56 91 14 95,115985703,80.11.101.47,,1 mégamax,,,,
Bordeaux,MATERNELLE PAIX,4 rue marc sangnier,,,Orange Pro,,115985924,,39 01,05 56 81 04 29,115985924,,,1 mégamax,,,,
Bordeaux,MATERNELLE NAUJAC,25 rue naujac,,,Orange Pro,,115985925,,39 01,05 56 81 56 85,115985925,,,1 mégamax,,,,
Bordeaux,ELEMENTAIRE VIEUX BORDEAUX,rue dieu,,,Orange Pro,,115985926,,39 01,05 56 81 45 62,115985926,80.11.110.60,,1 mégamax,,,,
Bordeaux,MATERNELLE PAS ST GEORGES,55 rue pas st georges,,,Orange Pro,,115985927,,39 01,05 56 81 47 75,115985927,,,1 mégamax,,,,
Bordeaux,ELEMENTAIRE MENUTS,57 rue des menuts,,,Orange Pro,,115985928,,39 01,05 56 91 00 64,115985928,80.11.197.93,,1 mégamax,,,,
Bordeaux,MATERNELLE MENUTS,70 rue des menuts,,,Orange Pro,,115985929,,39 01,05 56 91 09 66,115985929,,,1 mégamax,,,,
Bordeaux,ELEMENTAIRE MONTAUD,1 place montaud,,,Orange Pro,,115985930,,39 01,05 56 86 45 24,115985930,193.251.72.104,,8 mégamax,,,,
Bordeaux,MATERNELLE NUITS,31 rue de nuits,,,Orange Pro,,115985931,,39 01,05 56 86 87 63,115985931,80.15.81.163,,1 mégamax,,,,
Bordeaux,MATERNELLE CHARLES MARTIN,81 rue charles martin,,,Orange Pro,,115993497,,39 01,05 56 69 75 08,115993497,80.11.238.162,,1 mégamax,,,,
Bordeaux,MATERNELLE ALBERT SCHWEITZER,rue du docteur A. Schweitzer,,,Orange Pro,,115993498,,39 01,05 56 43 16 87,115993498,80.11.108.222,,1 mégamax,,,,
Bordeaux,ELEMENTAIRE CONDORCET,rue condorcet,,,Orange Pro,,115993500,,39 01,05 56 43 18 70,115993500,80.11.101.218,,1 mégamax,,,,
Bordeaux,GROUPE MONTGOLFIER,15 rue montgolfier,,,Orange Pro,,115993507,,39 01,05 56 79 13 27,115993507,80.11.109.141,,1 mégamax,,,,
Bordeaux,MATERNELLE ALBERT THOMAS,20 rue Albert Thomas,,,Orange Pro,,115995642,,39 01,05 56 90 15 34,115995642,80.13.61.61,,1 mégamax,,,,
Bordeaux,ELEMENTAIRE BENAUGE,Bld Jules Simon,,,Orange Pro,,115995664,,39 01,05 56 32 94 83,115995664,80.11.138.186,,1 mégamax,,,,
Bordeaux,MATERNELLE THIERS,4 rue Savigné Chanteloup,,,Orange Pro,,115995667,,39 01,05 56 32 55 38,115995667,,,1 mégamax,,,,
Bordeaux,ELEMENTAIRE ANDRE MEUNIER,"26,28 rue des Douves",,,Orange Pro,,115995669,,39 01,05 57 95 73 04,115995669,80.11.183.199,,1 mégamax,,,,
Bordeaux,ELEMENTAIRE SOMME,294 cours de la Somme,,,Orange Pro,,115995672,,39 01,05 57 95 75 84,115995672,80.11.197.167,,8 mégamax,,,,
Bordeaux,MATERNELLE FIEFFE,58 rue Fieffé,,,Orange Pro,,115995674,,39 01,05 57 95 82 33,115995674,,,1 mégamax,,,,
Bordeaux,MATERNELLE YSER,150 cours de l'Yser,,,Orange Pro,,115995676,,39 01,05 56 92 79 46,115995676,,,1 mégamax,,,,
Bordeaux,ADSL doi Utilisé Routeur MCO,Jabrun/doi-mco,,,Orange Pro,,116000636,,39 01,05 56 81 11 21,116000636,,,8 mégamax,,,,
Bordeaux,ECOLE MATERNELLE PAUL DOUMER,10 Rue Paul Doumer ,,,Orange Pro,,116005284,,39 01,05 56 02 14 19,116005284,80.11.109.2,,1 mégamax,,,,
Bordeaux,ECOLE MATERNELLE CLOS MONTESQUIEU,Le Clos Montesquieu,,,Orange Pro,,116005285,,39 01,05 56 47 28 43,116005285,,,1 mégamax,,,,
Bordeaux,ECOLE MATERNELLE PAUL LAPIE,Place Martyrs Résistance Caudéran,,,Orange Pro,,116005291,,39 01,05 56 02 20 79,116005291,,,1 mégamax,,,,
Bordeaux,GROUPE SCOLAIRE FLORNOY,44 Rue Flornoy,,,Orange Pro,,116005295,,39 01,05 56 98 75 41,116005295,80.11.197.110,,1 mégamax,,,,
Bordeaux,ELEMENTAIRE JEAN COCTEAU,49 Rue de l'Ecole Normale,,,Orange Pro,,116005300,,39 01,05 56 02 33 09,116005300,80.11.182.216,,1 mégamax,,,,
Bordeaux,ECOLE MATERNELLE PIERRE TREBOD,87 Rue Pierre Trébod,,,Orange Pro,,116005304,,39 01,05 56 69 70 76,116005304,,,1 mégamax,,,,
Bordeaux,ECOLE MATERNELLE LAC III,86 Rue Robert Caumont,,,Orange Pro,,116005307,,39 01,05 56 29 07 95,116005307,,,1 mégamax,,,,
Bordeaux,ECOLE ELEMENTAIRE FRANCIN,64 Rue Francin,,,Orange Pro,,116005310,,39 01,05 56 91 45 04,116005310,80.11.101.105,,1 mégamax,,,,
Bordeaux,ECOLE MATERNELLE BERNARD ADOUR,119 Rue Bernard Adour,,,Orange Pro,,116005312,,39 01,05 56 96 93 68,116005312,80.11.101.103,,1 mégamax,,,,
Bordeaux,GROUPE SCOLAIRE JEAN MONNET,1 Rue du Jonc,,,Orange Pro,,116005315,,39 01,05 56 29 05 13,116005315,80.11.108.117,,1 mégamax,,,,
Bordeaux,ECOLE ELEMENTAIRE LAC II,2 Rue du Petit Miot,,,Orange Pro,,121310944,,39 01,05 56 50 97 08,121310944,80.11.79.114,,,,,,
Bordeaux,ECOLE MATERNELLE LAC II,Clairière des Aubiers,,,Orange Pro,,116005318,,39 01,05 56 69 93 07,116005318,,,1 mégamax,,,,
Bordeaux,GROUPE SCOLAIRE STENDHAL,Rue Stendhal,,,Orange Pro,,116005321,,39 01,05 57 87 68 97,116005321,80.11.109.106,,1 mégamax,,,,
Bordeaux,ECOLE MATERNELLE BECHADE,9 Rue Madagascar,,,Orange Pro,,116005322,,39 01,05 56 98 42 23,116005322,80.11.69.216,,1 mégamax,,,,
Bordeaux,MATERNELLE JEAN COCTEAU,49 Rue de l'Ecole Normale,,,Orange Pro,,116005729,,39 01,05 56 42 05 69,116005729,,,1 mégamax,,,,
Bordeaux,GROUPE MAJORITAIRE,6 rue Elysée reclus,,,Orange Pro,,116024684,,39 01,05 56 51 62 68,116024684,,,8 mégamax,,,,
Bordeaux,GROUPE SOCIALISTE,14 Cours Mar.Juin,,,Orange Pro,,116030915,,39 01,05 56 51 93 63,116030915,,,8 mégamax,,,,
Bordeaux,GROUPE ELUS VERTS,14 rue Lecocq,,,Orange Pro,,116038488,,39 01,05 56 51 78 91,116038488,,,8 mégamax,,,,
Bordeaux,HARMONIE BASTIDE,"1, bvd Jules Simon",,,Orange Pro,,116047854,,39 01,05 56 32 43 14,116047854,,,1 mégamax,,,,
Bordeaux,CENTRE DE VACANCES ,156 Bd de la Cote D'Argent,,,Orange Pro,,116049088,,39 01,05 56 54 59 21,116049088,,,1 mégamax,,,,
Bordeaux,CAPC,Rue Ferrère,,,Orange Pro,,117237326,,39 01,05 56 01 08 66,117237326,,,8 mégamax,,,,
Bordeaux,LYCEE HORTICOLE,Chemin du Sourbey,,,Orange Pro,,117411148,,39 01,05 56 57 12 78,117411148,,,1 mégamax,,,,
Bordeaux,THEATRE LA PERGOLA,Rue Fernand Cazeres,,,Orange Pro,,117871339,,39 01,05 56 08 24 01,117871339,,,1 mégamax,,,,
Bordeaux,ELEMENTAIRE NUYENS,20 Rue Nuyens,,,Orange Pro,,117899748,,39 01,05 56 67 82 42,117899748,80.11.138.119,,1 mégamax,,,,
Bordeaux,PISCINE GRAND PARC,Cours de Luze,,,Orange Pro,,118909199,,39 01,05 56 79 71 48,118909199,,,1 mégamax,,,,
Bordeaux,CLASSES VERTES BOIS DE BORDEAUX,Avenue de Pernon,,,Orange Pro,,119554667,,39 01,05 56 50 91 97,119554667,,,1 mégamax ,,,,
Bordeaux,Bibliothèque de Bordeaux,85 cours du mar Juin,,,Orange Pro,,84564789,,39 01,,84564789,212.198.43.104,,Haut débit,,,,
Bordeaux,FOYER BRACH,35 rue Brach,,,Orange Pro,,116024678,,39 01,05 56 79 70 35,116024678,,,8 mégamax,,,,
Bordeaux,FOYER ARMAND FAULAT,80 rue Charles Chaumet,,,Orange Pro,,119701563,,39 01,05 56 00 66 98,119701563,,,8 mégamax,,,,
Bordeaux,FOYER QUEYRIES,13 allée Jean Giono,,,Orange Pro,,119695255,,39 01,05 57 54 06 58 ,119695255,,,8 mégamax,,,,
Bordeaux,FOYER MAGENDIE,45 avenue de Magendie,,,Orange Pro,,119741527,,39 01,05 57 80 21 72 ,119741527,,,8 mégamax,,,,
Bordeaux,FOYER BILLAUDEL,112 Rue Billaudel,,,Orange Pro,,120045114,,39 01,05 56 91 70 53 ,120045114,,,8 mégamax,,,,
Bordeaux,FOYER MANON CORMIER,,,,Orange Pro,,120464176,,39 01,05 57 88 69 50,120464176,,,1 mégamax,,,,
Bordeaux,Internet Bibliothèque Formation,Palais Rohan,,,Orange Pro,,121258893,,39 01,05 56 52 99 28,121258893,,,20 Mega,,,,
Bordeaux,Appartement Bouguereau,11 rue Bouguereau,,,Orange Pro,,121350364,,39 01,05 56 51 07 95,121350364,,,,,,,
Bordeaux,Syndicat CGT,"3, Rue Leydet",,,Orange Pro,,121373462,,39 01,05 56 94 13 80,121373462,,,20 mégamax,,,,
Bordeaux,Syndicat CFDT,"3, Rue Leydet",,,Orange Pro,,121373293,,39 01,05 56 31 13 06,121373293,,,21 mégamax,,,,
Bordeaux,Syndicat FO,17 quai de ma Monnaie,,,Orange Pro,,121373280,,39 01,05 56 31 94 85,121373280,,,8 mégamax,,,,
Bordeaux,Hôtel de ville Ligne A.JUPPE ( Ministère des Affaires Etrangères),,,,Orange Pro,,121443380,,39 01,05 56 79 22 86,121443380,80.15.5.124,,20 mégamax,,,,
Bordeaux,GROUPE SCOLAIRE VACLAV HAVEL,Rue Xavier Arsenne Henry,,,Orange Pro,,121676938,,39 01,05 56 30 57 84,121676938,2.6.217.101,,8 mégamax,,,,
Bordeaux,GROUPE Front National,14 Cours Mar.Juin,,,Orange Pro,,121757828,,39 01,05 56 51 28 55,121757828,,,8 mégamax,,,,
Bordeaux,PISCINE STEHELIN,217 AVENUE MAR DE LATTRE TASSIGNY,,,Orange Pro,,121775320,,39 01,05 56 08 38 03,121775320,,,8 mégamax,,,,
Bordeaux,Jabrun,,,,Orange Pro,,121860500,,39 01,,121860500,,,,,,,
Bordeaux,Jabrun,,,,Orange Pro,,121860496,,39 01,,121860496,,,,,,,
Bordeaux,ADSL doi Utilisé Routeur DIIT,HDV,,,Orange Pro,,114794134,,39 01,05 56 81 11 24,114794134,"80,14,120,204",,8 mégamax,,,,
Bordeaux,MATERNELLE SOLFERINO,11 rue solferino,,,Numéricâble Pro,,84370207,,08 25 33 08 25,05 56 90 17 18,84370207,212.198.42.192,,,,,,
Bordeaux,ELEMENTAIRE JACQUES PREVERT,45 rue de talence,,,Numéricâble Pro,,84946103,,08 25 33 08 25,,84946103,212.198.110.70,,,,,,
Bordeaux,MATERNELLE BARBEY,cours barbey,,,Numéricâble Pro,,84387111,,08 25 33 08 25,,84387111,212.198.42.228,,,,,,
Bordeaux,ELEMENTAIRE ACHARD,12 cité lartigue,,,Numéricâble Pro,,87013582,,08 25 33 08 25,,87013582,,,,,,,
Bordeaux,GS RAYMOND POINCARE,avenue raymond poincaré,,,Numéricâble Pro,,80597316,,08 25 33 08 25,,80597316,212.198.244.235,,,,,,
Bordeaux,ELEMENTAIRE STEHELIN,1 Rue Domion,,,Numéricâble Pro,,86129881,,08 25 33 08 25,,86129881,212.198.6.49,,,,,,
Bordeaux,MATERNELLE ST ANDRE,rue masson,,,Numéricâble Pro,,84387135,,08 25 33 08 25,,84387135,212.198.42.230,,,,,,
Bordeaux,ELEMENTAIRE HENRI IV,50 rue Henri IV,,,Numéricâble Pro,,84387166,,08 25 33 08 25,,84387166,212.198.42.226,,,,,,
Bordeaux,ELEMENTAIRE ALPHONSE DUPEUX,7 rue alphonse Dupeux,,,Numéricâble Pro,,84369711,,08 25 33 08 25,,84369711,,,,,,,
Bordeaux,ELEMENTAIRE LOUCHEUR,Rue Marcel Issartier,,,Numéricâble Pro,,84387142,,08 25 33 08 25,,84387142,212.198.42.229,,,,,,
Bordeaux,ELEMENTAIRE BEL AIR ,3 rue victor Caffin,,,Numéricâble Pro,,86132250,,08 25 33 08 25,,86132250,,,,,,,
Bordeaux,ELEMENTAIRE FRANC SANSON,104 Quai de la souys,,,Numéricâble Pro,,84370214,,08 25 33 08 25,,84370214,,,,,,,
Bordeaux,MATERNELLE CARLE VERNET,8 rue Oscar et Jean Auriac,,,Numéricâble Pro,,84370160,,08 25 33 08 25,,84370160,212.198.42.190,,,,,,
Bordeaux,ELEMENTAIRE LABARDE,156 Avenue Labarde,,,Numéricâble Pro,,86132052,,08 25 33 08 25,,86132052,,,,,,,
Bordeaux,ECOLE MATERNELLE JULES FERRY,100 Rue Jules ferry,,,Numéricâble Pro,,84387159,,08 25 33 08 25,05 56 42 13 81,84387159,,,,,,,
Bordeaux,ELEMENTAIRE PAUL LAPIE,Place Martyrs Résistance Caudéran,,,Numéricâble Pro,,80597217,,08 25 33 08 25,,80597217,212.198.244.105,,,,,,
Bordeaux,GROUPE SCOLAIRE PINS FRANCS,4 Rue Jude,,,Numéricâble Pro,,86132243,,08 25 33 08 25,,86132243,,,,,,,
Bordeaux,ECOLE ELEMENTAIRE JULES FERRY,100 Rue Jules Ferry,,,Numéricâble Pro,,84727874,,08 25 33 08 25,,84727874,212.198.43.147,,,,,,
Bordeaux,ECOLE ELEMENTAIRE CAZEMAJOR ,52 rue Cazemajor ,,,Numéricâble Pro,,86132069,,08 25 33 08 25,,86132069,,,,,,,
Bordeaux,Hôtel de Ville,"Place Pey Berland 33000 BORDEAUX",,,Orange Intracité,,,,08 00 25 20 00,,VV546944,,,,,,,
Bordeaux,Espace Vert Le Haillan,"Rue Moulineau 33185 LE HAILLAN",,,Orange Intracité,,,,08 00 25 20 00,,VV558413,,"237, 261, 278, 300, 301, 302, 321, 442",,,,,
Bordeaux,Bibliothèque Benauge,"18 Rue Alexandre Fleming 33000 BORDEAUX",,,Orange Intracité,,,,08 00 25 20 00,,VV546952,,"15, 256, 278, 301, 302, 308, 321, 332, 501 ",,,,,
Bordeaux,BIBLIOTHEQUE BENAUGE,"18 Rue Alexandre Fleming 33000 BORDEAUX",,,Orange Intracité,,,,08 00 25 20 00,,VV836113,,"15, 256, 278, 301, 302, 308, 321, 332, 501 ",,,,,
Bordeaux,Crèche du Grand Parc,"41 Rue Robert Shuman 33000 BORDEAUX",,,Orange Intracité,,,,08 00 25 20 00,,VV841009,,"122, 193, 300, 441, 501, 502",,,,,
Bordeaux,LABB du Grand Parc,"36 Rue Louis Gendreau 33000 BORDEAUX",,,Orange Intracité,,,,08 00 25 20 00,,VV841012,,"121, 278, 301, 302, 321",,,,,
Bordeaux,MAIRIE ANNEXE CAUDERAN,"130 avenue Louis Barthou 33000 BORDEAUX",,,Orange Intracité,,,,08 00 25 20 00,,VV832145,,"220, 256, 270, 280, 501, 278, 301, 302, 308, 321, 502",,,,,
Bordeaux,Crèche Collective d'Ornano,"300 rue d'Ornano 33000 BORDEAUX",,,Orange Intracité,,,,08 00 25 20 00,,VV669777,,"187, 441, 901",,,,,
Bordeaux,Centre Médico Scolaire Nuits,"47 Rue des Nuits 33000 BORDEAUX",,,Orange Intracité,,,,08 00 25 20 00,,VV662014,,"205, 321, 901",,,,,
Bordeaux,Piscine Judaïque,"166 Rue Judaïque 33000 BORDEAUX",,,Orange Intracité,,,,08 00 25 20 00,,VV670069,,"179, 270, 300, 256, 261, 278,301, 302, 308, 321 ",,,,,
Bordeaux,Piscine Tissot,"50 Rue Léon Blum 33000 BORDEAUX",,,Orange Intracité,,,,08 00 25 20 00,,VV669779,,"178, 270, 300",,,,,
Bordeaux,Crèche Collective Albert Barraud,"15 Rue du Docteur Barraud 33000 BORDEAUX",,,Orange Intracité,,,,08 00 25 20 00,,VV670072,,"192, 300, 321, 441, 501, 502",,,,,
Bordeaux,Crèche Collective Chartrons,"64 Rue de Leybardie 33000 BORDEAUX",,,Orange Intracité,,,,08 00 25 20 00,,VV670077,,"183, 441, 901",,,,,
Bordeaux,Crèche Collective et Multi Claveau,"135 Rue Joseph Brunet 33000 BORDEAUX",,,Orange Intracité,,,,08 00 25 20 00,,VV567937,,"184, 441, 901",,,,,
Bordeaux,Crèche Collective Gaspard Philippe,"11 Rue Gaspard Philippe 33000 BORDEAUX",,,Orange Intracité,,,,08 00 25 20 00,,VV670079 ,,"197, 208, 300, 441",,,,,
Bordeaux,Centre Médico Scolaire Charles de Gaulle,"30 Avenue Général de Gaulle 33000 BORDEAUX",,,Orange Intracité,,,,08 00 25 20 00,,VV662001,,901,,,,,
Bordeaux,Crèche Collective des Douves,"65 Rue des Douves 33000 BORDEAUX",,,Orange Intracité,,,,08 00 25 20 00,,VV670082,,"901, 207, 441",,,,,
Bordeaux,Centre Médico Scolaire Gouffrand,"9 Rue Gouffrand 33000 BORDEAUX",,,Orange Intracité,,,,08 00 25 20 00,,VV662008,,901,,,,,
Bordeaux,Centre Médico Scolaire Vilaris,"10 Rue Vilaris 33000 BORDEAUX",,,Orange Intracité,,,,08 00 25 20 00,,VV662045,,"203, 321, 901",,,,,
Bordeaux,Crèche Cité Administrative,"2 Rue Jules Ferry 33200 BORDEAUX",,,Orange Intracité,,,,08 00 25 20 00,,VV670096,,"188, 441, 501, 502 901",,,,,
Bordeaux,Piscine Galin,"3 Rue Galin 33000 BORDEAUX",,,Orange Intracité,,,,08 00 25 20 00,,VV670090,,"235, 270, 300",,,,,
Bordeaux,Crèche Collective Carreire,"23 Rue C. St Saëns 33000 BORDEAUX",,,Orange Intracité,,,,08 00 25 20 00,,VV670099 ,,"189, 300, 501, 502, 441",,,,,
Bordeaux,Crèche Collective Bordeaux Centre,"104 Rue François de Sourdis 33000 BORDEAUX",,,Orange Intracité,,,,08 00 25 20 00,,VV670110,,901,,,,,
Bordeaux,Halte Garderie Arc en Ciel,"Avenue Laroque Résid Bât KB1 33000 BORDEAUX",,,Orange Intracité,,,,08 00 25 20 00,,VV670113,,"190, 441, 901",,,,,
Bordeaux,Crèche Jean Marqaux,"208 Cours Argonne 33000 BORDEAUX",,,Orange Intracité,,,,08 00 25 20 00,,VV670116,,"159, 441, 901",,,,,
Bordeaux,Crèche Barreyre,"97 Rue Barreyre 33000 BORDEAUX",,,Orange Intracité,,,,08 00 25 20 00,,VV670119,,"163, 441, 901",,,,,
Bordeaux,Espace Vert Parc Bordelais,"1 Rue Godard 33000 BORDEAUX",,,Orange Intracité,,,,08 00 25 20 00,,VV637797,,901,,,,,
Bordeaux,Crèche Collective St Augustin,"Cité de l'Eglise St Augustin 33000 BORDEAUX",,,Orange Intracité,,,,08 00 25 20 00,,VV670121 ,,"186, 441, 901",,,,,
Bordeaux,Espace Vert Bordeaux Nord,"31 Rue Barillet Deschamps 33000 BORDEAUX",,,Orange Intracité,,,,08 00 25 20 00,,VV571770,,901,,,,,
Bordeaux,Crèche familiale Armand Faulat,"15 Place Lopès 33200 BORDEAUX",,,Orange Intracité,,,,08 00 25 20 00,,VV568163 ,,"185, 441, 901",,,,,
Bordeaux,Stade Galin,"Rue Galin 33000 BORDEAUX",,,Orange Intracité,,,,08 00 25 20 00,,VV747975,,"300, 901",,,,,
Bordeaux,Crèche collective Benauge,"7 Rue Raymond Poincaré 33000 BORDEAUX",,,Orange Intracité,,,,08 00 25 20 00,,VV670124 ,,"901, 215, 441",,,,,
Bordeaux,Bibliothèque St Michel - Capucins,"10 Place des Capucins 33000 BORDEAUX",,,Orange Intracité,,,,08 00 25 20 00,,VV685374,,"21, 256, 278, 301, 302, 321, 332, 501",,,,,
Bordeaux,Espace Vert Bordeaux Caudéran,"27 Rue des pins francs 33000 BORDEAUX",,,Orange Intracité,,,,08 00 25 20 00,,VV637799,,901,,,,,
Bordeaux,Crèche Carles Vernet,"9 Rue du Prof Devaux 33000 BORDEAUX",,,Orange Intracité,,,,08 00 25 20 00,,VV670127,,"213, 300, 441",,,,,
Bordeaux,Espace Vert Bordeaux Lac,"Rue du petit miot 33000 BORDEAUX",,,Orange Intracité,,,,08 00 25 20 00,,VV637801,,901,,,,,
Bordeaux,Stade Chaban Delmas,"Avenue Parc de Lescure 33000 BORDEAUX",,,Orange Intracité,,,,08 00 25 20 00,,VV747966,,"278, 300, 301, 302, 321, 501, 901",,,,,
Bordeaux,Espace Vert Grand Parc,"25 Rue Lucien Dufau 33000 BORDEAUX",,,Orange Intracité,,,,08 00 25 20 00,,VV637803,,901,,,,,
Bordeaux,La Parentèle,"2 Rue Courpon 33000 BORDEAUX",,,Orange Intracité,,,,08 00 25 20 00,,VV670131,,901,,,,,
Bordeaux,Maison du jardinier,"174 Rue Mandron 33000 BORDEAUX",,,Orange Intracité,,,,08 00 25 20 00,,VV637805,,901,,,,,
Bordeaux,Crèche Georges V,"154 Bld Georges V 33000 BORDEAUX",,,Orange Intracité,,,,08 00 25 20 00,,VV670138,,"197, 441, 901",,,,,
Bordeaux,Espace Vert Bordeaux Sud,"32 bis rue du professeur Deveaux 33000 BORDEAUX",,,Orange Intracité,,,,08 00 25 20 00,,VV637807,,901,,,,,
Bordeaux,Familiale Bordeaux Nord,"Avenue Laroque Résid Lac Bât JB1 33000 BORDEAUX",,,Orange Intracité,,,,08 00 25 20 00,,VV670143,,901,,,,,
Bordeaux,Espace Vert Bordeaux Bastide,"32 Rue Paul Baudenon 33000 BORDEAUX",,,Orange Intracité,,,,08 00 25 20 00,,VV637809,,901,,,,,
Bordeaux,Dépôt du Haillan,"13 Avenue Pasteur 33185 LE HAILLAN",,,Orange Intracité,,,,08 00 25 20 00,,VV637811,,901,,,,,
Bordeaux,Cimetière Nord,"111 Avenue Jean Jaurès 33520 BRUGES",,,Orange Intracité,,,,08 00 25 20 00,,VV547425,,"206, 300 remplace le 901",,,,,
Bordeaux,Espaces verts Bois de Bordeaux,"Chemin de Pernon 33000 BORDEAUX",,,Orange Intracité,,,,08 00 25 20 00,,VV637813,,901,,,,,
Bordeaux,Crèche des Argentiers,"3/5 Rue des Argentiers 33000 BORDEAUX",,,Orange Intracité,,,,08 00 25 20 00,,VV670145,,"901, 157, 441",,,,,
Bordeaux,Propreté Paludate,"101 Quai Paludate 33000 BORDEAUX",,,Orange Intracité,,,,08 00 25 20 00,,VV725547,,901,,,,,
Bordeaux,Bibliothèque Bacalan,"196 Rue Achard 33000 BORDEAUX",,,Orange Intracité,,,,08 00 25 20 00,,VV547358,,"14, 256",,,,,
Bordeaux,Bibliothèque Son Tay,"40 Rue Lafitteau 33000 BORDEAUX",,,Orange Intracité,,,,08 00 25 20 00,,VV546998,,"22, 256, 321",,,,,
Bordeaux,Bibliothèque Tauzin,"50 Rue Tauzin 33000 BORDEAUX",,,Orange Intracité,,,,08 00 25 20 00,,VV546675,,"23, 256, 278, 300, 301, 302, 321, 332",,,,,
Bordeaux,Objets trouvés,"99 Rue Abbé de l'Epée 33000 BORDEAUX",,,Orange Intracité,,,,08 00 25 20 00,,VV547409,,901,,,,,
Bordeaux,Permanence des Elus Bordeaux Centre - Permanence Municipale Albret,Pas d'adresse,,,Orange Intracité,,,,08 00 25 20 00,,VV547325,,"152, 256, 278, 301, 302, 321, 501",,,,,
Bordeaux,Mairie Annexe La Bastide,"42 Rue de nuits 33000 BORDEAUX",,,Orange Intracité,,,,08 00 25 20 00,,VV547239,,"124, 219, 256, 261, 270, 280, 300, 501, 278, 301, 302, 321, 502 ",,,,,
Bordeaux,Pôle Malbec,"250 Rue Malbec 33000 BORDEAUX",,,Orange Intracité,,,,08 00 25 20 00,,VV751997,,"180, 256, 261, 278, 300, 301, 302, 321, 441, 501, 502",,,,,
Bordeaux,Pôle Malbec,"250 Rue Malbec 33000 BORDEAUX",,,Orange Intracité,,,,08 00 25 20 00,,VV840263 ,,"180, 256, 261, 278, 300, 301, 302, 321, 501, 502",,,,,
Bordeaux,Maison de la Justice,"2 Place Ravezie 33000 BORDEAUX",,,Orange Intracité,,,,08 00 25 20 00,,VV547116,,"164, 256, 261, 278, 300, 301, 302, 321, 501",,,,,
Bordeaux,Propreté Caudéran 2,"10 Impasse Gallilée 33000 BORDEAUX",,,Orange Intracité,,,,08 00 25 20 00,,VV547122,,901,,,,,
Bordeaux,RAM Prunier,"121 Rue Prunier 33800 BORDEAUX",,,Orange Intracité,,,,08 00 25 20 00,,VV670149 ,,901,,,,,
Bordeaux,Pôle Sénior Manon Cormier,"68 Rue Manon Cormier 33000 BORDEAUX",,,Orange Intracité,,,,08 00 25 20 00,,VV547016,,"36, 278, 301, 302, 321, 501",,,,,
Bordeaux,Pôle Sénior Queyries,"13 Allée Jean Giono 33000 BORDEAUX",,,Orange Intracité,,,,08 00 25 20 00,,VV547275,,"36, 501, 502",,,,,
Bordeaux,Pôle Sénior Chantecrit,"45 Rue Cdt Hautreux 33000 BORDEAUX",,,Orange Intracité,,,,08 00 25 20 00,,VV547022,,"36, 501, 502",,,,,
Bordeaux,Pôle Sénior Alfred Smith,"30 Rue Alfred Smith 33000 BORDEAUX",,,Orange Intracité,,,,08 00 25 20 00,,VV547003,,"36, 441, 501",,,,,
Bordeaux,Pôle Sénior Reinette,"16 Cité Reinette 33000 BORDEAUX",,,Orange Intracité,,,,08 00 25 20 00,,VV547020,,"36, 501, 502",,,,,
Bordeaux,Pôle Sénior Alsace Lorraine,"15 Cours Alsace Lorraine 33000 BORDEAUX",,,Orange Intracité,,,,08 00 25 20 00,,VV671767,,"36, 256, 261, 278, 301, 302, 308, 321, 501, 502",,,,,
Bordeaux,Pôle Sénior Magendie,"45 Rue Magendie 33000 BORDEAUX",,,Orange Intracité,,,,08 00 25 20 00,,VV546953,,"36, 321, 441, 501, 502",,,,,
Bordeaux,Pôle Sénior Billaudel,"112 bis Rue Malbec 33000 BORDEAUX",,,Orange Intracité,,,,08 00 25 20 00,,VV547309,,"36, 501, 502, 321",,,,,
Bordeaux,Pôle Sénior Armand Faulat,"Place Armand Faulat  33000 BORDEAUX",,,Orange Intracité,,,,08 00 25 20 00,,VV547269,,"36, 321, 501, 502, 228",,,,,
Bordeaux,CCAS - Foyer Matériel : Les Douves,"65 Rue des Douves 33000 BORDEAUX",,,Orange Intracité,,,,08 00 25 20 00,,VV547403,,"145, 321, 501, 502",,,,,
Bordeaux,CCAS - Repos maternelle,"6 Avenue Lestage 33170 GRADIGnaN",,,Orange Intracité,,,,08 00 25 20 00,,VV547258,,"144, 501, 502, 590",,,,,
Bordeaux,CCAS - Centre Leydet,"6 Rue Leydet 33800 BORDEAUX",,,Orange Intracité,,,,08 00 25 20 00,,VV659498,,"28, 143, 278, 300, 301, 302, 308, 321, 501, 502",,,,,
Bordeaux,Antenne Sportive S2,"6 Cours Jules Ladoumegue 33300 BORDEAUX",,,Orange Intracité,,,,08 00 25 20 00,,VV547000,,901,,,,,
Bordeaux,Mairie Annexe Bordeaux Sud,"7 Rue StVincent de Paul 33000 BORDEAUX",,,Orange Intracité,,,,08 00 25 20 00,,VV546999,,"153, 256, 278, 301, 302, 321, 501, 502",,,,,
Bordeaux,Mairie Annexe Bordeaux Sud,"7 Rue StVincent de Paul 33000 BORDEAUX",,,Orange Intracité,,,,08 00 25 20 00,,VV840269 ,,"153, 256, 278, 301, 302, 321, 501, 502",,,,,
Bordeaux,CCAS - EHPAD/RPA MARYSE BASTIE,"Rue Maryse Bastié 33063
BORDEAUX",,,Orange Intracité,,,,08 00 25 20 00,,VV547126,,"28, 148, 278, 300, 301, 302, 321, 501, 502",,,,,
Bordeaux,Stade Stéhélin,"Rue de Stéhélin  33000 Bordeaux",,,Orange Intracité,,,,08 00 25 20 00,,VV747971,,"158, 300, 501",,,,,
Bordeaux,Cimetière Pins Francs,"32 rue Soubiras  33000 Bordeaux",,,Orange Intracité,,,,08 00 25 20 00,,VV609048,,"209, 501",,,,,
Bordeaux,Club Séniors des Aubiers,"196 rue Gabriel Frizeau  33000 Bordeaux",,,Orange Intracité,,,,08 00 25 20 00,,VV616337,,"149, 278, 300, 301, 302, 321, 501",,,,,
Bordeaux,Groupe Scolaire Vaclav Havel,"rue Xavier Arsene-Henry  33063 Bordeaux",,,Orange Intracité,,,,08 00 25 20 00,,VV630764,,"300, 501, 502, 212",,,,,
Bordeaux,Salle Municipale La Pergola,"rue Fernand Cazères  33000 Bordeaux",,,Orange Intracité,,,,08 00 25 20 00,,VV648607,,"138, 278, 300, 301, 302, 308, 501",,,,,
Bordeaux,Salle Municipale La Pergola,"Rue Fernand Cazères  33000 Bordeaux",,,Orange Intracité,,,,08 00 25 20 00,,VV813983 ,,"138, 278, 300, 301, 302, 308, 501",,,,,
Bordeaux,Gymnase Brun,"55, rue Brun  33000 Bordeaux",,,Orange Intracité,,,,08 00 25 20 00,,VV652162,,300,,,,,
Bordeaux,Gymnase Malleret,"41, rue Malleret  33000 Bordeaux",,,Orange Intracité,,,,08 00 25 20 00,,VV652172,,300,,,,,
Bordeaux,Gymnase Promis,"35, rue Cénac  33000 Bordeaux",,,Orange Intracité,,,,08 00 25 20 00,,VV652180,,300,,,,,
Bordeaux,Mairie de Quartier Fondaudège,"89, rue Fondaudège  33000 Bordeaux",,,Orange Intracité,,,,08 00 25 20 00,,VV840279 ,,"137, 278, 301, 302, 321, 501",,,,,
Bordeaux,Halle des Chartrons,"4 rue Sicard  33000 Bordeaux",,,Orange Intracité,,,,08 00 25 20 00,,VV695770,,"278, 301, 302, 308, 321",,,,,
Bordeaux,EHPAD de Lussy,"10 avenue Bel Air  33000 Bordeaux",,,Orange Intracité,,,,08 00 25 20 00,,VV672978,,"136, 278, 300, 301, 302, 321, 501",,,,,
Bordeaux,Atelier Brach,"35 rue Brach  33000 Bordeaux",,,Orange Intracité,,,,08 00 25 20 00,,VV690218,,"135, 278, 301, 302, 321, 501",,,,,
Bordeaux,Magasin Municipal Mutualisé,"31 avenue du Docteur Schinazi  33000 Bordeaux",,,Orange Intracité,,,,08 00 25 20 00,,VV702544,,"134, 278, 300, 301, 302, 304, 321, 501, 502",,,,,
Bordeaux,Salle du Point du Jour,"44, rue Joseph Brunet  33000 Bordeaux",,,Orange Intracité,,,,08 00 25 20 00,,VV718575,,"132, 278, 300, 301, 302, 308, 501",,,,,
Bordeaux,Maison des Projets des Aubiers,"51, cours des Aubiers  33000 Bordeaux",,,Orange Intracité,,,,08 00 25 20 00,,VV718570,,"129, 278, 300, 301, 302, 308, 321, 501",,,,,
Bordeaux,Gymnase Virginia,"30, rue Virginia  33000 Bordeaux",,,Orange Intracité,,,,08 00 25 20 00,,VV729716,,"130, 278, 300, 301, 302, 308, 501",,,,,
Bordeaux,RPA ACHARD,"111 rue Achard  33300 Bordeaux",,,Orange Intracité,,,,08 00 25 20 00,,VV738218,,"126, 278, 301, 302, 321, 501",,,,,
Bordeaux,RPA DUBOURDIEU,"73 rue Dubourdieu  33800 Bordeaux",,,Orange Intracité,,,,08 00 25 20 00,,VV738223,,"127, 278, 301, 302, 321, 501",,,,,
Bordeaux,RPA BUCHOU,"25 rue Buchou  33000 Bordeaux",,,Orange Intracité,,,,08 00 25 20 00,,VV738230,,"128, 278, 301, 302, 321, 501",,,,,
Bordeaux,Mairie Annexe de Quartier Bastide,"38 rue de Nuits  33100 Bordeaux",,,Orange Intracité,,,,08 00 25 20 00,,VV801417,,"219, 270, 278, 300, 301, 302, 321, 501",,,,,
Bordeaux,Club Sénior Gelé de Francony,"4 rue Laporte  33200 Bordeaux",,,Orange Intracité,,,,08 00 25 20 00,,VV751991,,"240, 278, 300, 301, 302, 321, 501, 502",,,,,
Bordeaux,Club Senior Jardin Public,"142 Rue du Jardin Public  33300 BORDEAUX",,,Orange Intracité,,,,08 00 25 20 00,,VV782371,,"125, 278, 300, 301, 302, 321, 501",,,,,
Bordeaux,Stade Charles Martin,"Rue Charles Martin  33300 BORDEAUX",,,Orange Intracité,,,,08 00 25 20 00,,VV784487,,"195, 278, 300, 301, 302, 321, 501",,,,,
Bordeaux,La Dune,"156 Boulevard de la Côte d'Argent  33120 ARCACHON",,,Orange Intracité,,,,08 00 25 20 00,,VV784503,,"210, 278, 300, 301, 302, 321, 501",,,,,
Bordeaux,Mairie de Quartier Bordeaux Sud,"13 Place Canteloup,  33000 BORDEAUX",,,Orange Intracité,,,,08 00 25 20 00,,VV840297 ,,"139, 278, 301, 302, 321, 501",,,,,
Bordeaux,HALLES DE DOUVES,"Rue des Douves,  33800 BORDEAUX",,,Orange Intracité,,,,08 00 25 20 00,,VV792345,,"162, 256, 278, 300, 301, 302, 321, 501, 502",,,,,
Bordeaux,Repos Maternel Gradignan,"6 Avenue Lestage  33170 GRADIGNAN",,,Orange Intracité,,,,08 00 25 20 00,,VV801595,,"144, 278, 300, 301, 302, 321, 501, 502, 590",,,,,
Bordeaux,RPA Notre Temps,"28 - 30 Rue Neuve  33000 BORDEAUX",,,Orange Intracité,,,,08 00 25 20 00,,VV807908,,"242, 278, 300, 301, 302, 321, 501, 502",,,,,
Bordeaux,Club Senior Quintin,"127 Rue Quintin  33000 BORDEAUX",,,Orange Intracité,,,,08 00 25 20 00,,VV807909,,"243, 278, 300, 301, 302, 321, 501, 502",,,,,
Bordeaux,Club Senior Saint Augustin,"9 - 11 Allée des Peupliers  33000 BORDEAUX",,,Orange Intracité,,,,08 00 25 20 00,,VV807910,,"244, 278, 300, 301, 302, 321, 501, 502",,,,,
Bordeaux,Maison des Danses,"2 Rue Fleffe 33000 BORDEAUX",,,Orange Intracité,,,,08 00 25 20 00,,VV546865,,"150, 300, 501",,,,,
Bordeaux,Espace Vert Bordeaux Centre Ville - Propreté,"15 rue Jean Renaud Dandicolle 33000 BORDEAUX",,,Orange Intracité,,,,08 00 25 20 00,,VV637816,,"176, 300, 501, 901",,,,,
Bordeaux,Gymnase Grand Parc III,"Rue Pierre Trébod  33000 BORDEAUX",,,Orange Intracité,,,,08 00 25 20 00,,VV853044,,300,,,,,
Bordeaux,Gymnase Wustenberg,"15 Rue Wustenberg  33000 BORDEAUX",,,Orange Intracité,,,,08 00 25 20 00,,VV853055,,300,,,,,
Pessac,Office Municipal des Sports,33318 30 AVENUE COL ROBERT JACQUI,,,Orange Pro,,,,3901,05.56.45.15.65,,,,,,,,
Pessac,"PLATEFORME, DES SERVICES",33318 0 RUE DE L HORLOGE,,,Orange Pro,,,,3901,05.56.15.25.60,,,,,,,,
Pessac,"POINT CYB, LA STATION",33318 4 ALLEE MONET( allé cezane),,,Orange Pro,,,,3901,05.57.02.20.20,,,,,,,,
Pessac,MAT. L'ALOUETTE,33318 21 AVENUE DU GEN LECLERC,,,Orange Pro,,,,3901,05.56.36.32.34,,,,,,,,
Pessac,MAT. BELLEGRAVE,33318 27 AVENUE ROGER COHE,,,Orange Pro,,,,3901,05.56.45.25.16,,,,,,,,
Pessac,MAT. F. MAURIAC ,33318 0 AVENUE MAR JUIN,,,Orange Pro,,,,3901,05.57.02.20.20,,,,,,,,
Pessac,MAT. GEORGES LEYGUES,33318 0 AVENUE DE LA CHATAIGNERAIE,,,Orange Pro,,,,3901,05.56.45.49.52,,,,,,,,
Pessac,MAT. JEAN CORDIER,33318 28 RUE GEORGES BIZET ,,,Orange Pro,,,,3901,05.56.98.65.42,,,,,,,,
Pessac,MAT.JOLIOT CURIE,33318 33 RUE I ET F JOLIOT CURIE,,,Orange Pro,,,,3901,05.56.36.05.72,,,,,,,,
Pessac,MAT.JULES FERRY,33318 62 AVENUE ECHOPPES,,,Orange Pro,,,,3901,05.56.45.02.41,,,,,,,,
Pessac,MAT. LA FARANDOLE ,33318 3 AVENUE FLANDRE,,,Orange Pro,,,,3901,05.57.02.20.20,,,,,,,,
Pessac,MAT. LE MONTEIL,33318 15 AVENUE HENRI FRUGES,,,Orange Pro,,,,3901,05.56.36.42.98,,,,,,,,
Pessac,MAT. LE PONTET,33318 0A RUE PAUL ELUARD,,,Orange Pro,,,,3901,05.56.45.75.61,,,,,,,,
Pessac,MAT. MONTESQUIEU,33318 0 ALLEE DES MIMOSAS,,,Orange Pro,,,,3901,05.56.45.25.88,,,,,,,,
Pessac,MAT. PAPE CLEMENT,33318 12 RUE FON DE MADRAN,,,Orange Pro,,,,3901,05.56.07.09.22,,,,,,,,
Pessac,MAT.ROLAND DORGELES,33318 1 RUE DES AUBEPINES,,,Orange Pro,,,,3901,05.56.36.08.78,,,,,,,,
Pessac,MAT.ST EXUPERY ,33318 0 RUE FERDINAND ANTOUNE,,,Orange Pro,,,,3901,05.56.45.55.07,,,,,,,,
Pessac,MAT. LE COLOMBIER,33318 43 BD DU HAUT LIVRAC,,,Orange Pro,,,,3901,05.56.36.03.71,,,,,,,,
Pessac,"PRIMAIRE, CAP DE BOS",33318 0 RUE DU COMTE,,,Orange Pro,,,,3901,05.56.36.48.44,,81.65.54.246,,,,,,
Pessac,"PRIMAIRE, EDOUARD HERRIOT",33318 21 AVENUE SAIGE,,,Orange Pro,,,,3901,05.56.45.04.92,,81.65.54.255,,,,,,
Pessac,"PRIMAIRE, G. LEYGUES",33318 0 AVENUE DE LA CHATAIGNERAIE,,,Orange Pro,,,,3901,05.56.45.54.50,,81.65.54.244,,,,,,
Pessac,"PRIMAIRE, JACQUES CARTIER",33318 37 RUE PAUL BONCOUR,,,Orange Pro,,,,3901,05.56.36.56.76,,81.65.54.251,,,,,,
Pessac,"PRIMAIRE, JEAN CORDIER",33318 24 RUE CLAUDE DEBUSSY,,,Orange Pro,,,,3901,,,,,,,,,
Pessac,"DIRECTION, MAT JEAN CORDIER",33318 22 RUE GEORGES BIZET,,,Orange Pro,,,,3901,05.57.02.20.20,,81.65.54.253,,,,,,
Pessac,"PRIMAIRE, JOLIOT CURIE",33318 2Y RUE I ET F JOLIOT CURIE,,,Orange Pro,,,,3901,05.57.02.20.20,,81.65.54.249,,,,,,
Pessac,"PRIMAIRE, JULES FERRY",33318 55 AVENUE BRIVAZAC,,,Orange Pro,,,,3901,05.56.45.25.98,,81.65.54.247,,,,,,
Pessac,"PRIMAIRE, P. CASTAING",33318 14 RUE FELIX FAURE,,,Orange Pro,,,,3901,05.56.36.30.11,,81.65.54.254,,,,,,
Pessac,"PRIMAIRE, ROLAND DORGELES",33318 5X AVE PIERRE DE COUBERTIN,,,Orange Pro,,,,3901,05.56.36.09.08,,,,,,,,
Pessac,"PRIMAIRE, SAINT EXUPERY","17 Rue Ferdinand Antoune, 33600 Pessac",,,Orange Pro,,,,3901,05.57.02.20.20,,81.65.54.240,,,,,,
Pessac,Maison Municipale,13 avenue Henri Frugès ,,,Orange Pro,,,,3901,,,,,,,,,
Bouscat,Maternelle lafon féline ,,,,Numéricâble,,,,08 25 33 08 25,,,,,,,,,
Bouscat,Maternelle chenille verte,,,,Numéricâble,,,,08 25 33 08 25,,,,,,,,,
Bouscat,Maternelle Ermitage ,,,,Numéricâble,,,,08 25 33 08 25,,,,,,,,,
Bouscat,Maternelle centre ,,,,Numéricâble,,,,08 25 33 08 25,,,,,,,,,
Bouscat,Primaire centre2 ,,,,Numéricâble,,,,08 25 33 08 25,,,,,,,,,
Bouscat,Primaire centre1 ,,,,Numéricâble,,,,08 25 33 08 25,,,,,,,,,
Bouscat,Primaire lafon feline,,,,Numéricâble,,,,08 25 33 08 25,,,,,,,,,
Bouscat,Groupe jean jaures ,,,,Numéricâble,,,,08 25 33 08 25,,,,,,,,,
Bouscat,Crèche providence,,,,Numéricâble,,,,08 25 33 08 25,,,,,,,,,
Bouscat,Hôtel de ville ,,,,Numéricâble,,,,08 25 33 08 25,,,,,,,,,
Bouscat,RPA Mieux vivres ,,,,Numéricâble,,,,08 25 33 08 25,,,,,,,,,
Bouscat,Résidence heyres ,,,,Numéricâble,,,,08 25 33 08 25,,,,,,,,,
Bouscat,Garderie maternelle lafon feline,,,,Numéricâble,,,,08 25 33 08 25,,,,,,,,,
Bruges,NRA BRUGES,,,,Orange Intracité,,,,08 00 25 20 00,,VV412144,,,100Mb,,,,
Bruges,HOTEL DE VILLE,"87 Avenue Charles de Gaule  33520 BRUGES",,,Orange Intracité,,,,08 00 25 20 00,05 56 16 80 80,VV608832,,,100Mb,,,,
Bruges,POLE PUBLIC DU TASTA,65 Rue André Messager,,,Orange Intracité,,,,08 00 25 20 00,05 56 50 19 47,VV840698,,,100Mb,,,,
Bruges,SERVICES DE SOINS A DOMICILE DARNAL,"44 Rue Louis Fleuranceau  33520 BRUGES",,,Orange Intracité,,,,08 00 25 20 00,,VV608839,,,10 Mb/s,,,,
Bruges,POLE TECHNIQUE,"6, rue Christian Franceries Parc de Chavaille",,,Orange Intracité,,,,08 00 25 20 00,,VV761661,,,100 Mb/s,,,,
Bruges,MAIRIE ANNEXE,,,,Orange Intracité,,,,08 00 25 20 00,,VV608841,,,10 Mb/s,,,,
Bruges,DOMAINE DE BISTON,Résilié depuis le 25/02/2014,,,Orange Intracité,,,,08 00 25 20 00,,VV488960,,,1GS,,,,
Bruges,ESPACE ARC EN CIEL RESTAURANT,Rue Jean Claudeville,,,Orange Intracité,,,,08 00 25 20 00,05 56 80 83 35,VV831303,,,4GS,,,,
Bruges,ESPACE ARC EN CIEL CRECHE,55 Rue Jean Claudeville,,,Orange Intracité,,,,08 00 25 20 00,05 56 16 48 65,VV488956,,,1GS,,,,
Bruges,ALSH LA MARIANNE,Allée du Brion,,,Orange Intracité,,,,08 00 25 20 00,05 56 16 03 21,VV488954,,,1GS,,,,
Bruges,RESIDENCE PERSONNES AGEES (Le Sourire),41 Avenue Charles de Gaulle,,,Orange Intracité,,,,08 00 25 20 00,,VV608848,,,1GS,,,,
Bruges,CLSH DU TASTA JACQUES PREVERT,42 Avenue Jean Jaurès,,,Orange Intracité,,,,08 00 25 20 00,05 56 50 33 02,VV828256,,,2GS,,,,
Bruges,CRECHE DES LUTINS,3 Rue Aristide de Sausa Mendès,,,Orange Intracité,,,,08 00 25 20 00,,VV608879,,,1GS,,,,
Bruges,CRECHE PETIT PRINCE,Rue Camille Saint Saens,,,Orange Intracité,,,,08 00 25 20 00,,VV608871,,,1GS,,,,
Bruges,POLE PUBLIC DU TASTA,65 Rue André Messager,,,Orange Intracité,,,,08 00 25 20 00,05 56 50 19 47,VV840697,,,4GS,,,,
Bruges,ECOLE CAMILLE CLAUDEL,"12 rue Theodore Bellemer 33520 Bruges",,,Orange Pro,,,,,05 56 16 03 92,121896206,193.248.245.7,,,,,,
Bruges,ALSH JACQUES PREVERT,"42 Avenue Jena Jaures 33520 Bruges",,,Orange Pro,,,,,05 56 50 33 02,121896207,193.248.228.6,,,,,,
Bruges,ALSH LA MARIANNE,"3 Allée Biron 33520 Bruges",,,Orange Pro,,,,,05 56 28 63 68,121896208,80.14.77.246,,,,,,
Bruges,BUREAU DE L'OPPOSITION,"15 Rue Maurice Ravel 33520 Bruges",,,Orange Pro,,,,,05 56 99 42 80,121896209,80.14.198.192,,,,,,
Bruges,ECOLE ELEMENTAIRE JACQUES PREVERT,"46 Avenue Jean Jaures 33520 Bruges",,,Orange Pro,,,,,05 56 39 48 21,121896211,82.127.147.248,,,,,,
Bruges,ECOLE CAMILLE CLAUDEL,"12 Rue Theodore Bellemer 33520 Bruges",,,Orange Pro,,,,,05 56 16 03 92,121896212,193.252.2.69,,,,,,
Bruges,MAIRIE ANNEXE,"21 Avenue Jean Jaures 33520 Bruges",,,Orange Pro,,,,,05 56 39 67 48,121896213,80.14.185.205,,,,,,
Bruges,ALSH ILE AUX ENFANTS,"12 rue Theodore Bellemer 33520 Bruges",,,Orange Pro,,,,,05 56 16 71 96,121896214,82.127.104.24,,,,,,
Bruges,FORUM DES ASSOCIATIONS,"Avenue Verdun 33520 Bruges",,,Orange Pro,,,,,05 56 16 17 99,121896230,82.127.92.173,,,,,,
Bruges,ECOLE MATERNELLE JACQUES JAURES,"48 Avenue Jean Jaures 33520 Bruges",,,Orange Pro,,,,,05 56 50 83 36,121896232,193.252.29.127,,,,,,
Bruges,ESPACE CULTUREL TREULON,"Avenue Verdun 33520 Bruges",,,Orange Pro,,,,,05 56 95 25 61,121896237,193.251.43.84,,,,,,
Bruges,LOCAL DES SYNDICATS,"82 Avenue Verdun 33520 Bruges",,,Orange Pro,,,,,05 56 57 56 09,121896238,82.127.112.28,,,,,,
Pessac,Crèche Cazalouette,,,FO,Inolia,,,,,,,,,,,,,
Pessac,Crèche Petits poucets,,,FO,Inolia,,,,,,,,,,,,,
Pessac,CTM,,,FO,Inolia,,,,,,,,,,,,,
Pessac,Médiathèque J.Ellul,,,FO,Inolia,,,,,,,,,,,,,
Pessac,RPA,,,FO,Inolia,,,,,,,,,,,,,
Pessac,Immeuble Dulout,,,FO,Inolia,,,,,,,,,,,,,
Pessac,Bibliothèque P.Neruda,,,FO,Inolia,,,,,,,,,,,,,
Pessac,Crèche Serpentine,,,FO,Inolia,,,,,,,,,,,,,
Pessac,CCAS,,,FO,Inolia,,,,,,,,,,,,,
Pessac,Forum,,,FO,Inolia,,,,,,,,,,,,,
Pessac,Pessac en scène,,,FO,Inolia,,,,,,,,,,,,,
Pessac,Police,,,FO,Inolia,,,,,,,,,,,,,
Pessac,Hôtel de ville,,,FO,Inolia,,,,,,,,,,,,,
Pessac,Ecole A.B.,,,FO,Inolia,,,,,,,,,,,,,
Pessac,Salle Bellegrave,,,FO,Inolia,,,,,,,,,,,,,
Pessac,Château Bellegrave,,,FO,Inolia,,,,,,,,,,,,,
Pessac,Crèche Calune,,,FO,Inolia,,,,,,,,,,,,,
Pessac,Maison Marcade,,,FO,Inolia,,,,,,,,,,,,,
Pessac,Château Cazalet,,,FO,Inolia,,,,,,,,,,,,,
Pessac,Service des espaces verts,,,FO,Inolia,,,,,,,,,,,,,
Pessac,Centre de loisirs,,,FO,Inolia,,,,,,,,,,,,,
Pessac,Service des sports,,,FO,Inolia,,,,,,,,,,,,,
